ARB_ID,SET,BRAND,match,afte3,N_8good
1,1,1,1,2,8
1,2,2,0,1,8
1,3,1,1,1,8
1,4,1,0,3,8
1,5,2,1,1,8
1,6,1,1,1,8
1,7,2,0,3,8
1,8,2,0,3,8
9,1,2,1,1,8
9,2,2,1,1,8
9,3,1,0,2,8
9,4,2,1,1,8
9,5,2,0,3,8
9,6,1,0,3,8
9,7,1,1,1,8
9,8,1,0,2,8
17,1,1,0,3,8
17,2,2,0,3,8
17,3,2,0,3,8
17,4,2,1,1,8
17,5,1,1,1,8
17,6,2,0,3,8
17,7,1,1,1,8
17,8,1,1,1,8
25,1,1,0,2,8
25,2,2,0,3,8
25,3,1,0,3,8
25,4,1,0,3,8
25,5,2,1,1,8
25,6,2,0,2,8
25,7,2,1,1,8
25,8,1,1,1,8
33,1,2,0,3,8
33,2,2,1,1,8
33,3,2,1,1,8
33,4,1,0,2,8
33,5,1,1,1,8
33,6,2,1,1,8
33,7,1,0,3,8
33,8,1,0,3,8
41,1,2,1,1,8
41,2,1,1,1,8
41,3,2,1,1,8
41,4,2,0,3,8
41,5,1,0,3,8
41,6,1,0,3,8
41,7,1,1,1,8
41,8,2,1,1,8
49,1,1,1,1,8
49,2,1,1,1,8
49,3,2,1,1,8
49,4,1,0,3,8
49,5,2,1,1,8
49,6,1,1,1,8
49,7,2,0,3,8
49,8,2,0,3,8
57,1,2,0,3,8
57,2,1,0,3,8
57,3,1,1,1,8
57,4,2,0,3,8
57,5,2,1,1,8
57,6,2,1,1,8
57,7,1,0,3,8
57,8,1,0,3,8
65,1,1,0, , 
65,2,2,1, , 
65,3,2,1, , 
65,4,2,0, , 
65,5,1,0, , 
65,6,1,1, , 
65,7,2,1, , 
65,8,1,0, , 
73,1,1,1, , 
73,2,1,0, , 
73,3,2,0, , 
73,4,1,1, , 
73,5,2,1, , 
73,6,1,0, , 
73,7,2,0, , 
73,8,2,0, , 
81,1,1,1, , 
81,2,2,0, , 
81,3,2,1, , 
81,4,1,0, , 
81,5,2,0, , 
81,6,2,1, , 
81,7,1,1, , 
81,8,1,0, , 
89,1,2,0,2,8
89,2,1,1,1,8
89,3,2,0,3,8
89,4,1,1,1,8
89,5,2,1,1,8
89,6,2,0,3,8
89,7,1,1,1,8
89,8,1,0,3,8
97,1,1,0,2,8
97,2,2,0,2,8
97,3,2,1,1,8
97,4,1,0,2,8
97,5,1,1,1,8
97,6,2,1,1,8
97,7,1,1,1,8
97,8,2,1,1,8
105,1,1,0,2,8
105,2,2,1,1,8
105,3,2,0,3,8
105,4,1,1,2,8
105,5,1,0,3,8
105,6,2,1,1,8
105,7,2,0,2,8
105,8,1,0,2,8
113,1,2,0,3,8
113,2,1,1,1,8
113,3,1,1,1,8
113,4,1,0,3,8
113,5,2,0,3,8
113,6,2,0,3,8
113,7,1,1,1,8
113,8,2,1,1,8
121,1,2,0,2,8
121,2,1,0,2,8
121,3,2,1,1,8
121,4,1,1,2,8
121,5,1,0,2,8
121,6,1,1,2,8
121,7,2,0,3,8
121,8,2,1,1,8
129,1,2,0, , 
129,2,1,1, , 
129,3,1,0, , 
129,4,2,0, , 
129,5,2,0, , 
129,6,1,0, , 
129,7,1,1, , 
129,8,2,1, , 
137,1,2,0,2,8
137,2,1,1,1,8
137,3,1,1,1,8
137,4,1,0,2,8
137,5,2,1,1,8
137,6,1,1,1,8
137,7,2,1,1,8
137,8,2,0,2,8
145,1,2,0,2,8
145,2,2,1,1,8
145,3,1,0,3,8
145,4,1,0,2,8
145,5,2,0,3,8
145,6,2,0,2,8
145,7,1,1,1,8
145,8,1,1,2,8
153,1,1,1,1,8
153,2,2,0,3,8
153,3,2,1,1,8
153,4,2,0,3,8
153,5,2,1,1,8
153,6,1,0,3,8
153,7,1,0,3,8
153,8,1,1,1,8
161,1,1,1, , 
161,2,1,1, , 
161,3,1,0, , 
161,4,1,0, , 
161,5,2,0, , 
161,6,2,0, , 
161,7,2,0, , 
161,8,2,1, , 
169,1,2,1,1,8
169,2,2,0,3,8
169,3,1,1,1,8
169,4,1,1,1,8
169,5,1,0,3,8
169,6,2,0,3,8
169,7,2,0,3,8
169,8,1,0,3,8
177,1,1,0,2,8
177,2,1,0,2,8
177,3,2,1,1,8
177,4,2,0,2,8
177,5,2,1,1,8
177,6,2,1,1,8
177,7,1,1,1,8
177,8,1,0,2,8
185,1,1,1,1,8
185,2,2,0,3,8
185,3,1,1,1,8
185,4,1,0,3,8
185,5,2,0,3,8
185,6,1,0,3,8
185,7,2,0,3,8
185,8,2,1,1,8
193,1,2,0, , 
193,2,1,0, , 
193,3,2,0, , 
193,4,1,1, , 
193,5,2,1, , 
193,6,1,1, , 
193,7,1,1, , 
193,8,2,0, , 
201,1,2,0,3,8
201,2,1,0,3,8
201,3,2,1,1,8
201,4,1,0,3,8
201,5,2,1,1,8
201,6,1,0,3,8
201,7,1,1,1,8
201,8,2,1,1,8
209,1,1,0,2,8
209,2,1,1,2,8
209,3,2,0,2,8
209,4,1,0,2,8
209,5,2,0,2,8
209,6,1,1,1,8
209,7,2,0,2,8
209,8,2,1,1,8
217,1,2,0, , 
217,2,1,1, , 
217,3,2,1, , 
217,4,1,0, , 
217,5,1,1, , 
217,6,1,0, , 
217,7,2,0, , 
217,8,2,1, , 
225,1,1,1,1,8
225,2,1,1,1,8
225,3,1,1,1,8
225,4,2,1,1,8
225,5,1,0,3,8
225,6,2,0,3,8
225,7,2,1,1,8
225,8,2,0,3,8
233,1,1,0,2,8
233,2,2,1,1,8
233,3,1,1,1,8
233,4,2,1,1,8
233,5,2,0,3,8
233,6,1,0,3,8
233,7,2,1,1,8
233,8,1,0,3,8
241,1,1,0, , 
241,2,1,0, , 
241,3,1,1, , 
241,4,2,0, , 
241,5,1,1, , 
241,6,2,1, , 
241,7,2,1, , 
241,8,2,0, , 
249,1,1,1,1,8
249,2,2,0,3,8
249,3,2,0,3,8
249,4,1,1,1,8
249,5,1,1,1,8
249,6,2,1,1,8
249,7,1,0,3,8
249,8,2,1,1,8
257,1,1,1,1,8
257,2,1,0,3,8
257,3,1,0,3,8
257,4,1,0,3,8
257,5,2,1,1,8
257,6,2,1,1,8
257,7,2,1,1,8
257,8,2,0,3,8
265,1,1,0,3,8
265,2,2,0,3,8
265,3,1,1,1,8
265,4,2,1,1,8
265,5,1,0,3,8
265,6,2,1,1,8
265,7,2,1,1,8
265,8,1,1,1,8
273,1,1,0, , 
273,2,2,0, , 
273,3,2,1, , 
273,4,2,0, , 
273,5,1,0, , 
273,6,1,1, , 
273,7,1,0, , 
273,8,2,1, , 
281,1,1,1,1,8
281,2,1,0,3,8
281,3,2,1,1,8
281,4,2,0,2,8
281,5,2,1,1,8
281,6,2,0,3,8
281,7,1,1,1,8
281,8,1,1,1,8
289,1,2,1,1,8
289,2,1,1,1,8
289,3,2,0,2,8
289,4,1,1,1,8
289,5,2,1,1,8
289,6,1,0,3,8
289,7,1,0,3,8
289,8,2,1,1,8
297,1,1,0,2,8
297,2,1,1,1,8
297,3,2,1,1,8
297,4,1,0,2,8
297,5,2,1,1,8
297,6,1,1,1,8
297,7,2,0,2,8
297,8,2,1,1,8
305,1,2,0,3,8
305,2,1,0,9,8
305,3,1,1,2,8
305,4,2,1,1,8
305,5,1,1,2,8
305,6,2,1,1,8
305,7,1,1,2,8
305,8,2,0,2,8
313,1,2,0,3,8
313,2,2,0,3,8
313,3,2,1,1,8
313,4,1,1,1,8
313,5,1,0,2,8
313,6,2,1,1,8
313,7,1,0,3,8
313,8,1,1,1,8
321,1,1,1,1,8
321,2,1,0,3,8
321,3,2,1,1,8
321,4,1,1,1,8
321,5,2,0,3,8
321,6,1,1,1,8
321,7,2,0,3,8
321,8,2,1,1,8
329,1,2,1,1,8
329,2,2,1,1,8
329,3,1,1,2,8
329,4,1,0,2,8
329,5,1,0,2,8
329,6,2,0,2,8
329,7,1,0,2,8
329,8,2,1,1,8
337,1,2,0,3,8
337,2,1,0,3,8
337,3,2,1,1,8
337,4,1,0,3,8
337,5,2,0,3,8
337,6,1,1,1,8
337,7,2,1,1,8
337,8,1,0,3,8
345,1,1,0,3,8
345,2,2,0,3,8
345,3,2,1,1,8
345,4,1,0,3,8
345,5,1,1,1,8
345,6,2,0,3,8
345,7,1,1,1,8
345,8,2,0,3,8
353,1,1,0,2,8
353,2,2,0,3,8
353,3,2,1,1,8
353,4,1,0,3,8
353,5,1,0,3,8
353,6,1,1,1,8
353,7,2,1,1,8
353,8,2,1,1,8
361,1,2,1,1,8
361,2,2,0,3,8
361,3,1,1,1,8
361,4,1,0,3,8
361,5,1,1,1,8
361,6,2,1,1,8
361,7,1,0,3,8
361,8,2,0,3,8
369,1,1,1,1,8
369,2,2,0,2,8
369,3,2,1,1,8
369,4,1,0,2,8
369,5,1,1,1,8
369,6,2,0,2,8
369,7,2,1,1,8
369,8,1,1,1,8
377,1,1,0,2,8
377,2,2,1,1,8
377,3,2,0,2,8
377,4,2,1,1,8
377,5,1,1,1,8
377,6,1,0,2,8
377,7,2,0,2,8
377,8,1,0,2,8
385,1,1,0, , 
385,2,2,0, , 
385,3,2,0, , 
385,4,1,1, , 
385,5,1,1, , 
385,6,1,0, , 
385,7,2,0, , 
385,8,2,1, , 
393,1,1,1,1,8
393,2,1,1,2,8
393,3,2,1,1,8
393,4,2,1,1,8
393,5,1,0,3,8
393,6,1,0,3,8
393,7,2,0,3,8
393,8,2,0,3,8
401,1,1,1,1,8
401,2,1,1,1,8
401,3,1,0,3,8
401,4,2,0,3,8
401,5,2,0,3,8
401,6,2,1,1,8
401,7,1,1,1,8
401,8,2,1,1,8
409,1,1,1,2,8
409,2,1,1,1,8
409,3,2,1,1,8
409,4,2,1,2,8
409,5,1,1,2,8
409,6,2,0,3,8
409,7,1,0,2,8
409,8,2,0,3,8
417,1,2,0,3,8
417,2,1,1,1,8
417,3,2,1,1,8
417,4,2,0,3,8
417,5,1,0,3,8
417,6,1,0,3,8
417,7,2,1,1,8
417,8,1,0,3,8
425,1,2,1,1,8
425,2,1,0,3,8
425,3,2,0,3,8
425,4,1,0,3,8
425,5,1,0,3,8
425,6,2,1,1,8
425,7,2,0,3,8
425,8,1,1,1,8
433,1,2,0,3,8
433,2,1,0,2,8
433,3,1,1,1,8
433,4,1,0,2,8
433,5,2,1,1,8
433,6,2,0,2,8
433,7,2,1,1,8
433,8,1,0,3,8
441,1,1,0,3,8
441,2,2,0,3,8
441,3,1,0,3,8
441,4,2,1,1,8
441,5,1,1,1,8
441,6,2,1,1,8
441,7,1,0,3,8
441,8,2,1,1,8
449,1,2,1,1,8
449,2,1,1,1,8
449,3,2,1,1,8
449,4,1,1,1,8
449,5,1,0,3,8
449,6,2,0,3,8
449,7,2,0,3,8
449,8,1,1,1,8
457,1,1,0,2,2
457,2,1,1,1,2
457,3,2,0, , 
457,4,2,1, , 
457,5,1,1, , 
457,6,2,1, , 
457,7,1,0, , 
457,8,2,0, , 
465,1,1,0,3,8
465,2,1,0,3,8
465,3,2,1,1,8
465,4,2,1,1,8
465,5,1,0,2,8
465,6,1,1,1,8
465,7,2,0,3,8
465,8,2,1,1,8
473,1,1,1,1,8
473,2,1,0,3,8
473,3,1,0,3,8
473,4,2,1,1,8
473,5,1,0,3,8
473,6,2,1,1,8
473,7,2,1,1,8
473,8,2,0,3,8
481,1,2,1,1,8
481,2,2,1,1,8
481,3,1,0,3,8
481,4,2,0,3,8
481,5,1,1,1,8
481,6,2,0,3,8
481,7,1,0,3,8
481,8,1,1,1,8
489,1,2,1,1,8
489,2,1,1,1,8
489,3,1,0,2,8
489,4,2,0,2,8
489,5,2,0,2,8
489,6,1,1,1,8
489,7,1,0,2,8
489,8,2,1,1,8
497,1,2,1,1,8
497,2,1,0,2,8
497,3,1,0,3,8
497,4,1,1,1,8
497,5,1,1,1,8
497,6,2,1,1,8
497,7,2,1,1,8
497,8,2,0,2,8
505,1,2,1,1,8
505,2,2,0,2,8
505,3,2,0,3,8
505,4,1,1,1,8
505,5,2,0,2,8
505,6,1,0,2,8
505,7,1,1,1,8
505,8,1,1,1,8
513,1,1,0,3,8
513,2,2,0,3,8
513,3,2,0,3,8
513,4,1,0,3,8
513,5,2,0,3,8
513,6,1,1,1,8
513,7,2,1,1,8
513,8,1,1,1,8
521,1,1,1,1,8
521,2,1,0,2,8
521,3,1,0,3,8
521,4,1,1,1,8
521,5,2,1,1,8
521,6,2,0,3,8
521,7,2,1,1,8
521,8,2,1,1,8
529,1,2,1, , 
529,2,1,1, , 
529,3,1,0, , 
529,4,2,1, , 
529,5,1,0, , 
529,6,1,0, , 
529,7,2,1, , 
529,8,2,0, , 
537,1,2,0,3,8
537,2,2,1,1,8
537,3,1,0,2,8
537,4,1,1,1,8
537,5,1,0,2,8
537,6,1,0,3,8
537,7,2,1,1,8
537,8,2,1,1,8
545,1,1,0, , 
545,2,2,1, , 
545,3,1,1, , 
545,4,2,1, , 
545,5,2,0, , 
545,6,2,0, , 
545,7,1,0, , 
545,8,1,1, , 
553,1,1,1,1,8
553,2,1,1,1,8
553,3,2,0,1,8
553,4,1,1,1,8
553,5,1,0,2,8
553,6,2,1,1,8
553,7,2,0,3,8
553,8,2,0,3,8
561,1,1,0,2,8
561,2,2,1,1,8
561,3,1,0,2,8
561,4,1,1,2,8
561,5,2,0,2,8
561,6,1,1,1,8
561,7,2,0,2,8
561,8,2,0,2,8
569,1,1,0,3,8
569,2,2,1,1,8
569,3,1,1,1,8
569,4,2,0,3,8
569,5,1,1,1,8
569,6,1,0,2,8
569,7,2,0,3,8
569,8,2,1,1,8
577,1,1,1,1,8
577,2,1,0,3,8
577,3,2,0,2,8
577,4,1,0,2,8
577,5,2,0,2,8
577,6,1,1,1,8
577,7,2,1,1,8
577,8,2,0,2,8
585,1,1,0,3,8
585,2,1,0,2,8
585,3,2,1,1,8
585,4,2,1,1,8
585,5,1,1,2,8
585,6,2,0,2,8
585,7,1,1,1,8
585,8,2,0,2,8
593,1,2,1,1,8
593,2,1,0,3,8
593,3,2,1,1,8
593,4,1,0,3,8
593,5,2,1,1,8
593,6,1,0,3,8
593,7,1,1,1,8
593,8,2,0,3,8
601,1,2,1,1,8
601,2,2,0,3,8
601,3,1,1,1,8
601,4,1,0,2,8
601,5,1,0,3,8
601,6,2,1,1,8
601,7,2,0,3,8
601,8,1,0,3,8
609,1,2,1,1,8
609,2,2,1,1,8
609,3,1,1,1,8
609,4,1,1,1,8
609,5,1,0,3,8
609,6,2,0,3,8
609,7,1,0,3,8
609,8,2,1,1,8
617,1,1,1, , 
617,2,1,1, , 
617,3,2,1, , 
617,4,2,0, , 
617,5,1,0, , 
617,6,2,0, , 
617,7,2,0, , 
617,8,1,0, , 
625,1,2,1,1,8
625,2,1,1,1,8
625,3,2,0,3,8
625,4,1,0,2,8
625,5,2,0,2,8
625,6,1,0,3,8
625,7,1,0,3,8
625,8,2,1,1,8
633,1,2,1,1,8
633,2,2,0,3,8
633,3,1,1,1,8
633,4,2,1,1,8
633,5,1,0,3,8
633,6,1,1,1,8
633,7,1,0,3,8
633,8,2,1,1,8
641,1,1,1,1,8
641,2,2,1,1,8
641,3,1,0,3,8
641,4,2,0,3,8
641,5,2,1,1,8
641,6,2,1,1,8
641,7,1,0,3,8
641,8,1,0,3,8
649,1,1,1,1,8
649,2,1,0,3,8
649,3,1,1,1,8
649,4,2,1,1,8
649,5,2,0,3,8
649,6,2,1,1,8
649,7,1,0,3,8
649,8,2,1,1,8
657,1,1,1,1,8
657,2,1,1,1,8
657,3,2,1,1,8
657,4,1,0,3,8
657,5,2,1,1,8
657,6,1,1,1,8
657,7,2,0,3,8
657,8,2,0,3,8
665,1,2,1,1,8
665,2,1,0,3,8
665,3,1,1,1,8
665,4,2,0,3,8
665,5,2,0,3,8
665,6,2,1,1,8
665,7,1,1,1,8
665,8,1,1,1,8
673,1,1,1,1,8
673,2,1,1,1,8
673,3,2,0,2,8
673,4,2,0,2,8
673,5,2,0,2,8
673,6,1,1,1,8
673,7,2,1,1,8
673,8,1,0,2,8
681,1,1,0,2,8
681,2,2,1,1,8
681,3,2,0,3,8
681,4,1,1,1,8
681,5,2,0,3,8
681,6,1,1,1,8
681,7,1,1,1,8
681,8,2,0,2,8
689,1,1,0,2,8
689,2,1,1,1,8
689,3,2,1,1,8
689,4,1,1,1,8
689,5,2,1,1,8
689,6,2,1,1,8
689,7,2,0,2,8
689,8,1,0,2,8
697,1,1,1, , 
697,2,1,0, , 
697,3,2,0, , 
697,4,1,1, , 
697,5,2,1, , 
697,6,1,0, , 
697,7,2,0, , 
697,8,2,1, , 
705,1,2,1,1,8
705,2,1,0,3,8
705,3,2,0,3,8
705,4,1,0,3,8
705,5,1,0,3,8
705,6,1,1,1,8
705,7,2,1,1,8
705,8,2,0,3,8
713,1,1,1,1,8
713,2,2,1,1,8
713,3,2,1,1,8
713,4,1,0,3,8
713,5,2,0,3,8
713,6,1,1,1,8
713,7,2,1,1,8
713,8,1,0,3,8
721,1,2,0,3,8
721,2,2,0,3,8
721,3,2,1,1,8
721,4,2,1,1,8
721,5,1,0,2,8
721,6,1,1,1,8
721,7,1,1,1,8
721,8,1,1,1,8
729,1,1,1,1,8
729,2,2,0,3,8
729,3,1,1,1,8
729,4,2,0,2,8
729,5,1,0,3,8
729,6,2,0,3,8
729,7,2,1,1,8
729,8,1,0,3,8
737,1,2,0,3,8
737,2,1,0,3,8
737,3,2,0,3,8
737,4,1,1,1,8
737,5,1,1,1,8
737,6,2,1,1,8
737,7,1,0,3,8
737,8,2,0,3,8
745,1,1,0,2,8
745,2,2,0,2,8
745,3,1,1,1,8
745,4,2,1,1,8
745,5,2,1,1,8
745,6,1,0,2,8
745,7,1,0,2,8
745,8,2,0,3,8
753,1,1,1,1,8
753,2,2,1,1,8
753,3,1,1,1,8
753,4,2,0,3,8
753,5,1,0,2,8
753,6,1,0,3,8
753,7,2,1,1,8
753,8,2,1,1,8
761,1,2,0,3,8
761,2,1,0,3,8
761,3,1,1,1,8
761,4,1,1,1,8
761,5,2,1,1,8
761,6,1,1,1,8
761,7,2,0,3,8
761,8,2,0,3,8
769,1,2,1,1,8
769,2,2,0,3,8
769,3,1,0,3,8
769,4,1,0,3,8
769,5,2,1,1,8
769,6,1,0,3,8
769,7,2,1,1,8
769,8,1,1,1,8
777,1,1,1,1,8
777,2,2,0,3,8
777,3,2,1,1,8
777,4,1,0,2,8
777,5,2,0,3,8
777,6,2,0,3,8
777,7,1,1,1,8
777,8,1,1,1,8
785,1,1,1, , 
785,2,2,0, , 
785,3,2,0, , 
785,4,2,1, , 
785,5,1,1, , 
785,6,1,1, , 
785,7,1,0, , 
785,8,2,1, , 
793,1,1,0,3,8
793,2,2,0,3,8
793,3,1,0,2,8
793,4,1,0,3,8
793,5,2,1,1,8
793,6,2,0,3,8
793,7,2,1,1,8
793,8,1,1,1,8
801,1,1,1,1,8
801,2,2,1,1,8
801,3,2,1,1,8
801,4,1,0,2,8
801,5,1,1,1,8
801,6,2,0,2,8
801,7,1,0,3,8
801,8,2,0,2,8
809,1,1,1,1,8
809,2,2,1,1,8
809,3,2,1,1,8
809,4,1,0,3,8
809,5,1,1,2,8
809,6,2,0,3,8
809,7,1,0,3,8
809,8,2,1,1,8
817,1,1,0, , 
817,2,2,0, , 
817,3,1,0, , 
817,4,2,1, , 
817,5,2,1, , 
817,6,2,0, , 
817,7,1,0, , 
817,8,1,1, , 
825,1,2,1, , 
825,2,1,0, , 
825,3,1,1, , 
825,4,2,0, , 
825,5,1,1, , 
825,6,2,0, , 
825,7,1,0, , 
825,8,2,0, , 
833,1,2,1,1,8
833,2,1,0,2,8
833,3,2,1,1,8
833,4,2,0,2,8
833,5,2,0,2,8
833,6,1,1,1,8
833,7,1,1,1,8
833,8,1,0,2,8
841,1,1,1,1,8
841,2,2,0,3,8
841,3,1,0,3,8
841,4,2,0,2,8
841,5,1,1,1,8
841,6,1,0,2,8
841,7,2,1,1,8
841,8,2,1,1,8
849,1,2,0,3,8
849,2,2,0,2,8
849,3,1,0,3,8
849,4,2,0,3,8
849,5,1,1,1,8
849,6,1,1,1,8
849,7,2,1,1,8
849,8,1,1,2,8
857,1,1,0,2,8
857,2,1,0,3,8
857,3,2,0,3,8
857,4,1,0,3,8
857,5,2,1,1,8
857,6,2,0,2,8
857,7,2,1,1,8
857,8,1,1,1,8
865,1,2,0,3,8
865,2,1,1,1,8
865,3,1,0,3,8
865,4,2,0,3,8
865,5,1,1,1,8
865,6,2,1,1,8
865,7,2,0,3,8
865,8,1,1,1,8
873,1,1,0,2,8
873,2,1,1,1,8
873,3,1,0,2,8
873,4,2,0,3,8
873,5,2,1,1,8
873,6,2,0,2,8
873,7,2,1,1,8
873,8,1,0,2,8
881,1,1,0,2,8
881,2,2,0,3,8
881,3,1,1,1,8
881,4,1,1,1,8
881,5,2,1,1,8
881,6,2,1,1,8
881,7,1,0,3,8
881,8,2,1,1,8
889,1,2,0, , 
889,2,1,1, , 
889,3,2,1, , 
889,4,1,0, , 
889,5,1,0, , 
889,6,1,0, , 
889,7,2,1, , 
889,8,2,1, , 
897,1,2,0,3,8
897,2,1,1,2,8
897,3,2,1,1,8
897,4,1,0,2,8
897,5,1,1,2,8
897,6,2,0,3,8
897,7,2,1,1,8
897,8,1,0,2,8
905,1,2,0,3,8
905,2,2,0,3,8
905,3,1,1,1,8
905,4,1,0,3,8
905,5,1,1,1,8
905,6,2,0,3,8
905,7,1,1,1,8
905,8,2,1,1,8
913,1,1,0, , 
913,2,1,0, , 
913,3,1,1, , 
913,4,2,1, , 
913,5,2,0, , 
913,6,2,1, , 
913,7,2,0, , 
913,8,1,1, , 
921,1,1,0,3,8
921,2,1,1,1,8
921,3,2,0,2,8
921,4,1,0,3,8
921,5,2,1,1,8
921,6,2,1,1,8
921,7,1,0,3,8
921,8,2,1,1,8
929,1,1,1, , 
929,2,2,0, , 
929,3,1,1, , 
929,4,2,0, , 
929,5,1,1, , 
929,6,2,1, , 
929,7,1,0, , 
929,8,2,0, , 
937,1,2,0,3,8
937,2,1,0,2,8
937,3,2,1,1,8
937,4,2,1,1,8
937,5,1,1,1,8
937,6,1,1,1,8
937,7,1,1,1,8
937,8,2,0,3,8
945,1,1,0, , 
945,2,2,1, , 
945,3,1,0, , 
945,4,1,1, , 
945,5,2,0, , 
945,6,2,0, , 
945,7,2,1, , 
945,8,1,0, , 
953,1,1,1,1,8
953,2,2,0,3,8
953,3,2,1,1,8
953,4,2,1,1,8
953,5,1,1,1,8
953,6,1,0,3,8
953,7,2,1,1,8
953,8,1,0,2,8
961,1,1,1,1,8
961,2,2,0,3,8
961,3,1,0,3,8
961,4,1,0,3,8
961,5,2,1,1,8
961,6,2,0,3,8
961,7,2,0,3,8
961,8,1,1,1,8
969,1,2,0,3,8
969,2,1,1,1,8
969,3,1,0,3,8
969,4,1,1,1,8
969,5,2,0,3,8
969,6,2,0,3,8
969,7,1,1,1,8
969,8,2,1,1,8
977,1,1,1, , 
977,2,2,1, , 
977,3,2,1, , 
977,4,2,1, , 
977,5,1,0, , 
977,6,1,0, , 
977,7,1,1, , 
977,8,2,0, , 
985,1,1,0,3,8
985,2,2,0,2,8
985,3,1,0,3,8
985,4,2,1,1,8
985,5,1,1,1,8
985,6,2,0,3,8
985,7,1,1,1,8
985,8,2,0,3,8
993,1,2,0, , 
993,2,1,1, , 
993,3,2,0, , 
993,4,1,0, , 
993,5,1,0, , 
993,6,2,0, , 
993,7,2,1, , 
993,8,1,1, , 
1001,1,1,0,3,8
1001,2,2,1,1,8
1001,3,1,0,3,8
1001,4,2,0,3,8
1001,5,1,1,1,8
1001,6,2,1,1,8
1001,7,2,1,1,8
1001,8,1,0,1,8
1009,1,2,1,1,8
1009,2,2,0,3,8
1009,3,1,1,2,8
1009,4,1,0,2,8
1009,5,2,0,2,8
1009,6,1,1,2,8
1009,7,2,0,2,8
1009,8,1,0,3,8
1017,1,2,0,2,8
1017,2,1,1,1,8
1017,3,2,1,1,8
1017,4,1,0,2,8
1017,5,1,1,1,8
1017,6,2,0,2,8
1017,7,2,0,2,8
1017,8,1,1,1,8
1025,1,2,1,1,8
1025,2,1,0,2,8
1025,3,1,1,1,8
1025,4,2,0,2,8
1025,5,1,0,2,8
1025,6,1,0,2,8
1025,7,2,0,2,8
1025,8,2,1,1,8
1033,1,1,0,3,8
1033,2,1,1,1,8
1033,3,2,0,3,8
1033,4,1,0,3,8
1033,5,2,1,1,8
1033,6,2,1,1,8
1033,7,1,1,1,8
1033,8,2,0,3,8
1041,1,1,1, , 
1041,2,2,1, , 
1041,3,2,0, , 
1041,4,2,0, , 
1041,5,1,1, , 
1041,6,1,0, , 
1041,7,2,0, , 
1041,8,1,1, , 
1049,1,2,0,3,2
1049,2,1,0, , 
1049,3,2,0,2,2
1049,4,2,1, , 
1049,5,1,1, , 
1049,6,2,0, , 
1049,7,1,0, , 
1049,8,1,1, , 
1057,1,1,1,2,8
1057,2,1,0,2,8
1057,3,2,0,2,8
1057,4,2,1,1,8
1057,5,1,0,2,8
1057,6,2,0,2,8
1057,7,1,1,1,8
1057,8,2,0,3,8
1065,1,1,1,1,8
1065,2,1,0,2,8
1065,3,1,1,1,8
1065,4,2,0,2,8
1065,5,1,1,1,8
1065,6,2,0,2,8
1065,7,2,1,1,8
1065,8,2,1,1,8
1073,1,2,0,3,8
1073,2,1,1,1,8
1073,3,1,0,3,8
1073,4,1,0,3,8
1073,5,2,1,1,8
1073,6,2,1,1,8
1073,7,1,0,3,8
1073,8,2,1,1,8
1081,1,1,1,1,8
1081,2,2,1,1,8
1081,3,1,1,2,8
1081,4,1,0,2,8
1081,5,2,0,3,8
1081,6,1,0,2,8
1081,7,2,1,1,8
1081,8,2,0,2,8
1089,1,1,1,1,8
1089,2,2,1,1,8
1089,3,1,0,2,8
1089,4,2,0,3,8
1089,5,2,0,2,8
1089,6,1,0,2,8
1089,7,2,1,1,8
1089,8,1,0,2,8
1097,1,2,0,3,8
1097,2,1,1,2,8
1097,3,1,1,1,8
1097,4,2,1,1,8
1097,5,1,0,3,8
1097,6,2,1,1,8
1097,7,2,0,3,8
1097,8,1,1,2,8
1105,1,1,0,3,8
1105,2,1,0,3,8
1105,3,2,1,1,8
1105,4,1,1,1,8
1105,5,2,0,2,8
1105,6,1,1,1,8
1105,7,2,0,3,8
1105,8,2,1,1,8
1113,1,2,0,3,8
1113,2,2,0,3,8
1113,3,2,0,3,8
1113,4,1,0,3,8
1113,5,1,1,1,8
1113,6,1,1,1,8
1113,7,1,1,1,8
1113,8,2,1,1,8
1121,1,1,0,3,8
1121,2,2,0,3,8
1121,3,2,0,3,8
1121,4,2,0,3,8
1121,5,1,1,1,8
1121,6,1,1,1,8
1121,7,1,0,3,8
1121,8,2,1,1,8
1129,1,1,0,2,8
1129,2,1,0,2,8
1129,3,2,1,1,8
1129,4,2,0,3,8
1129,5,2,0,3,8
1129,6,1,1,1,8
1129,7,2,0,2,8
1129,8,1,1,1,8
1137,1,1,0,2,8
1137,2,1,0,2,8
1137,3,2,1,1,8
1137,4,2,1,1,8
1137,5,2,0,2,8
1137,6,2,0,2,8
1137,7,1,1,1,8
1137,8,1,0,2,8
1145,1,2,1,1,8
1145,2,2,1,1,8
1145,3,1,1,3,8
1145,4,2,0,3,8
1145,5,2,0,3,8
1145,6,1,0,3,8
1145,7,1,1,1,8
1145,8,1,0,3,8
1153,1,1,0,3,8
1153,2,1,1,1,8
1153,3,1,0,3,8
1153,4,2,1,1,8
1153,5,2,1,1,8
1153,6,2,0,3,8
1153,7,2,0,3,8
1153,8,1,0,3,8
1161,1,2,0,3,8
1161,2,2,1,1,8
1161,3,2,1,1,8
1161,4,1,0,3,8
1161,5,2,1,1,8
1161,6,1,1,1,8
1161,7,1,0,3,8
1161,8,1,0,3,8
1169,1,1,1, , 
1169,2,1,1, , 
1169,3,2,0, , 
1169,4,2,1, , 
1169,5,1,1, , 
1169,6,2,0, , 
1169,7,2,0, , 
1169,8,1,0, , 
1177,1,2,0,3,8
1177,2,1,0,2,8
1177,3,1,1,1,8
1177,4,2,0,3,8
1177,5,1,1,1,8
1177,6,2,0,2,8
1177,7,1,1,1,8
1177,8,2,1,1,8
1185,1,1,1, , 
1185,2,2,1, , 
1185,3,2,1, , 
1185,4,1,0, , 
1185,5,2,0, , 
1185,6,2,1, , 
1185,7,1,1, , 
1185,8,1,0, , 
1193,1,1,0,3,8
1193,2,2,0,2,8
1193,3,2,1,1,8
1193,4,2,0,2,8
1193,5,1,1,1,8
1193,6,1,0,3,8
1193,7,2,0,2,8
1193,8,1,1,1,8
1201,1,1,0,3,8
1201,2,2,1,1,8
1201,3,1,1,1,8
1201,4,1,0,3,8
1201,5,1,0,3,8
1201,6,2,0,3,8
1201,7,2,1,1,8
1201,8,2,1,1,8
1209,1,2,0, , 
1209,2,1,0, , 
1209,3,2,0, , 
1209,4,2,1, , 
1209,5,2,0, , 
1209,6,1,1, , 
1209,7,1,1, , 
1209,8,1,0, , 
1217,1,2,1,1,8
1217,2,1,0,3,8
1217,3,1,1,1,8
1217,4,2,1,1,8
1217,5,2,0,3,8
1217,6,1,0,3,8
1217,7,1,1,1,8
1217,8,2,0,3,8
1225,1,2,1,1,8
1225,2,2,1,1,8
1225,3,1,0,3,8
1225,4,2,0,2,8
1225,5,1,0,2,8
1225,6,1,1,1,8
1225,7,1,1,1,8
1225,8,2,1,1,8
1233,1,2,0,2,8
1233,2,2,0,2,8
1233,3,1,1,2,8
1233,4,1,0,2,8
1233,5,2,1,1,8
1233,6,1,1,2,8
1233,7,1,0,2,8
1233,8,2,1,1,8
1241,1,1,1,1,8
1241,2,2,0,3,8
1241,3,2,0,3,8
1241,4,1,0,2,8
1241,5,1,1,1,8
1241,6,2,1,1,8
1241,7,1,0,2,8
1241,8,2,0,2,8
1249,1,1,0,3,8
1249,2,1,1,1,8
1249,3,2,1,1,8
1249,4,1,1,2,8
1249,5,2,1,1,8
1249,6,1,1,2,8
1249,7,2,0,3,8
1249,8,2,0,3,8
1257,1,1,1,1,8
1257,2,1,0,2,8
1257,3,2,1,1,8
1257,4,2,1,1,8
1257,5,2,1,2,8
1257,6,1,1,2,8
1257,7,1,0,2,8
1257,8,2,0,2,8
1265,1,2,0, , 
1265,2,2,1, , 
1265,3,1,1, , 
1265,4,2,1, , 
1265,5,1,0, , 
1265,6,2,1, , 
1265,7,1,0, , 
1265,8,1,0, , 
1273,1,1,0,3,8
1273,2,2,0,3,8
1273,3,1,1,1,8
1273,4,2,0,2,8
1273,5,2,1,1,8
1273,6,2,0,3,8
1273,7,1,1,1,8
1273,8,1,1,1,8
1281,1,2,1,1,8
1281,2,1,0,3,8
1281,3,1,0,2,8
1281,4,2,0,3,8
1281,5,1,0,3,8
1281,6,2,1,1,8
1281,7,1,1,1,8
1281,8,2,1,1,8
1289,1,1,0,2,8
1289,2,1,0,2,8
1289,3,2,0,2,8
1289,4,2,1,1,8
1289,5,1,1,2,8
1289,6,2,1,1,8
1289,7,2,1,1,8
1289,8,1,1,1,8
1297,1,1,1,1,8
1297,2,2,1,1,8
1297,3,2,0,3,8
1297,4,2,0,3,8
1297,5,1,1,1,8
1297,6,1,0,3,8
1297,7,1,1,1,8
1297,8,2,1,1,8
1305,1,1,1,1,8
1305,2,1,0,2,8
1305,3,2,1,1,8
1305,4,2,1,1,8
1305,5,2,0,2,8
1305,6,1,0,2,8
1305,7,1,1,1,8
1305,8,2,1,1,8
1313,1,1,1,2,8
1313,2,2,0,3,8
1313,3,2,1,1,8
1313,4,1,1,1,8
1313,5,2,0,3,8
1313,6,1,1,1,8
1313,7,2,0,3,8
1313,8,1,0,3,8
1321,1,1,1,1,8
1321,2,2,1,1,8
1321,3,1,0,2,8
1321,4,2,1,1,8
1321,5,1,0,2,8
1321,6,2,1,1,8
1321,7,1,0,2,8
1321,8,2,0,2,8
1329,1,2,1,1,8
1329,2,2,1,1,8
1329,3,2,0,3,8
1329,4,2,1,1,8
1329,5,1,1,2,8
1329,6,1,0,2,8
1329,7,1,0,2,8
1329,8,1,0,2,8
1337,1,1,0,3,8
1337,2,2,0,3,8
1337,3,1,0,3,8
1337,4,1,0,3,8
1337,5,2,0,3,8
1337,6,1,1,1,8
1337,7,2,1,1,8
1337,8,2,1,1,8
1345,1,2,1,1,8
1345,2,1,0,2,8
1345,3,1,1,1,8
1345,4,1,1,1,8
1345,5,2,0,3,8
1345,6,2,1,1,8
1345,7,2,0,2,8
1345,8,1,1,1,8
1353,1,1,1,1,8
1353,2,2,1,1,8
1353,3,1,0,2,8
1353,4,1,0,3,8
1353,5,2,0,3,8
1353,6,1,0,3,8
1353,7,2,0,3,8
1353,8,2,1,1,8
1361,1,2,0,3,8
1361,2,2,1,1,8
1361,3,2,0,3,8
1361,4,2,0,3,8
1361,5,1,1,1,8
1361,6,1,1,1,8
1361,7,1,1,1,8
1361,8,1,0,3,8
1369,1,2,1,1,8
1369,2,1,1,1,8
1369,3,2,1,1,8
1369,4,1,1,1,8
1369,5,2,0,2,8
1369,6,1,0,2,8
1369,7,2,0,2,8
1369,8,1,1,1,8
1377,1,1,1,1,8
1377,2,1,0,3,8
1377,3,1,1,1,8
1377,4,1,0,3,8
1377,5,2,0,3,8
1377,6,2,1,1,8
1377,7,2,0,3,8
1377,8,2,1,1,8
1385,1,2,0,2,8
1385,2,1,1,1,8
1385,3,1,0,2,8
1385,4,1,0,2,8
1385,5,2,0,2,8
1385,6,2,0,2,8
1385,7,1,1,1,8
1385,8,2,1,1,8
1393,1,2,1,1,8
1393,2,1,0,3,8
1393,3,2,0,3,8
1393,4,2,0,3,8
1393,5,2,0,1,8
1393,6,1,1,1,8
1393,7,1,1,2,8
1393,8,1,1,1,8
1401,1,1,0,3,8
1401,2,2,0,3,8
1401,3,2,0,3,8
1401,4,1,0,3,8
1401,5,1,1,1,8
1401,6,1,0,3,8
1401,7,2,1,1,8
1401,8,2,1,1,8
1409,1,2,0,2,8
1409,2,1,0,2,8
1409,3,1,1,1,8
1409,4,2,0,3,8
1409,5,1,0,3,8
1409,6,1,0,3,8
1409,7,2,1,1,8
1409,8,2,1,1,8
1417,1,2,0,2,8
1417,2,1,0,2,8
1417,3,2,1,1,8
1417,4,1,1,1,8
1417,5,1,1,1,8
1417,6,2,0,2,8
1417,7,1,1,1,8
1417,8,2,1,1,8
1425,1,2,1,1,8
1425,2,1,1,2,8
1425,3,2,1,1,8
1425,4,1,1,1,8
1425,5,1,0,3,8
1425,6,2,1,1,8
1425,7,1,0,3,8
1425,8,2,0,3,8
1433,1,2,0, , 
1433,2,1,1, , 
1433,3,2,0, , 
1433,4,2,0, , 
1433,5,2,1, , 
1433,6,1,0, , 
1433,7,1,1, , 
1433,8,1,1, , 
1441,1,2,0,3,8
1441,2,1,1,1,8
1441,3,2,0,3,8
1441,4,1,1,1,8
1441,5,2,0,3,8
1441,6,1,0,3,8
1441,7,1,0,3,8
1441,8,2,1,1,8
1449,1,1,0, , 
1449,2,1,1, , 
1449,3,2,1, , 
1449,4,1,1, , 
1449,5,2,0, , 
1449,6,2,0, , 
1449,7,1,0, , 
1449,8,2,1, , 
1457,1,1,0,3,8
1457,2,1,1,1,8
1457,3,1,1,1,8
1457,4,2,1,1,8
1457,5,1,1,1,8
1457,6,2,0,3,8
1457,7,2,1,1,8
1457,8,2,0,3,8
1465,1,1,1,1,8
1465,2,2,0,2,8
1465,3,2,1,1,8
1465,4,2,1,1,8
1465,5,2,0,2,8
1465,6,1,1,1,8
1465,7,1,1,2,8
1465,8,1,0,2,8
1473,1,1,1,1,8
1473,2,1,1,2,8
1473,3,2,0,3,8
1473,4,1,1,1,8
1473,5,2,0,3,8
1473,6,2,1,1,8
1473,7,1,0,2,8
1473,8,2,0,2,8
1481,1,2,1,1,8
1481,2,2,0,2,8
1481,3,2,0,2,8
1481,4,1,0,2,8
1481,5,2,0,2,8
1481,6,1,1,1,8
1481,7,1,1,1,8
1481,8,1,1,2,8
1489,1,2,0,1,8
1489,2,2,0,3,8
1489,3,1,1,1,8
1489,4,1,1,1,8
1489,5,2,1,1,8
1489,6,1,0,2,8
1489,7,2,0,3,8
1489,8,1,1,2,8
1497,1,1,0,3,8
1497,2,2,1,1,8
1497,3,2,0,3,8
1497,4,1,1,1,8
1497,5,1,1,1,8
1497,6,1,1,1,8
1497,7,2,1,1,8
1497,8,2,0,3,8
1505,1,1,1,1,8
1505,2,2,1,1,8
1505,3,1,1,1,8
1505,4,2,0,2,8
1505,5,1,0,2,8
1505,6,2,1,1,8
1505,7,2,0,2,8
1505,8,1,1,1,8
1513,1,1,0,2,8
1513,2,1,1,1,8
1513,3,1,1,1,8
1513,4,2,1,1,8
1513,5,2,0,2,8
1513,6,1,1,1,8
1513,7,2,0,2,8
1513,8,2,0,2,8
1521,1,2,0, , 
1521,2,1,0, , 
1521,3,1,1, , 
1521,4,1,0, , 
1521,5,1,1, , 
1521,6,2,1, , 
1521,7,2,1, , 
1521,8,2,0, , 
1529,1,1,0,2,8
1529,2,1,0,2,8
1529,3,1,1,1,8
1529,4,2,1,1,8
1529,5,2,0,2,8
1529,6,2,1,1,8
1529,7,1,0,2,8
1529,8,2,1,1,8
1537,1,1,0,3,8
1537,2,1,1,1,8
1537,3,2,0,3,8
1537,4,2,1,1,8
1537,5,1,0,3,8
1537,6,2,1,1,8
1537,7,1,1,1,8
1537,8,2,1,1,8
1545,1,2,1,1,8
1545,2,1,1,1,8
1545,3,2,0,3,8
1545,4,1,0,3,8
1545,5,1,0,3,8
1545,6,2,0,3,8
1545,7,2,1,1,8
1545,8,1,0,2,8
1553,1,2,0,3,8
1553,2,2,1,1,8
1553,3,1,0,2,8
1553,4,1,0,3,8
1553,5,1,1,1,8
1553,6,2,1,1,8
1553,7,1,0,2,8
1553,8,2,1,1,8
1561,1,1,1, , 
1561,2,2,1, , 
1561,3,2,1, , 
1561,4,1,0, , 
1561,5,2,1, , 
1561,6,1,0, , 
1561,7,1,0, , 
1561,8,2,0, , 
1569,1,2,0,2,8
1569,2,2,0,2,8
1569,3,1,0,2,8
1569,4,1,1,1,8
1569,5,1,0,2,8
1569,6,2,0,2,8
1569,7,2,1,1,8
1569,8,1,1,1,8
1577,1,1,1, , 
1577,2,1,1, , 
1577,3,2,0, , 
1577,4,2,1, , 
1577,5,1,0, , 
1577,6,1,0, , 
1577,7,2,0, , 
1577,8,2,1, , 
1585,1,2,1, , 
1585,2,2,1, , 
1585,3,1,1, , 
1585,4,1,0, , 
1585,5,1,1, , 
1585,6,2,0, , 
1585,7,2,0, , 
1585,8,1,1, , 
1593,1,1,1,1,8
1593,2,2,0,3,8
1593,3,2,1,1,8
1593,4,1,0,3,8
1593,5,2,1,1,8
1593,6,1,0,3,8
1593,7,1,0,3,8
1593,8,2,0,3,8
1601,1,1,1,2,8
1601,2,1,0,3,8
1601,3,1,1,1,8
1601,4,1,1,1,8
1601,5,2,0,3,8
1601,6,2,0,3,8
1601,7,2,0,3,8
1601,8,2,1,1,8
1609,1,2,1,1,8
1609,2,2,1,1,8
1609,3,1,1,1,8
1609,4,1,0,3,8
1609,5,2,0,3,8
1609,6,2,0,3,8
1609,7,1,1,1,8
1609,8,1,0,3,8
1617,1,2,1,1,8
1617,2,1,1,1,8
1617,3,1,0,2,8
1617,4,1,0,2,8
1617,5,2,0,2,8
1617,6,2,1,1,8
1617,7,1,0,2,8
1617,8,2,1,1,8
1625,1,1,0,3,8
1625,2,1,1,1,8
1625,3,2,1,1,8
1625,4,2,1,1,8
1625,5,2,0,3,8
1625,6,2,0,3,8
1625,7,1,1,1,8
1625,8,1,1,2,8
1633,1,1,1,1,8
1633,2,2,0,2,8
1633,3,2,1,1,8
1633,4,1,0,2,8
1633,5,2,1,1,8
1633,6,1,0,2,8
1633,7,2,1,1,8
1633,8,1,0,2,8
1641,1,1,1,2,8
1641,2,1,0,2,8
1641,3,1,0,2,8
1641,4,2,0,2,8
1641,5,2,0,2,8
1641,6,1,1,2,8
1641,7,2,1,1,8
1641,8,2,0,2,8
1649,1,1,0,3,8
1649,2,2,0,3,8
1649,3,2,1,1,8
1649,4,2,1,1,8
1649,5,1,0,2,8
1649,6,1,1,1,8
1649,7,1,0,3,8
1649,8,2,0,2,8
1657,1,1,1,1,8
1657,2,2,1,1,8
1657,3,2,0,3,8
1657,4,1,0,3,8
1657,5,2,1,1,8
1657,6,1,1,1,8
1657,7,2,1,1,8
1657,8,1,0,3,8
1665,1,2,1,1,8
1665,2,1,0,3,8
1665,3,1,0,3,8
1665,4,1,0,3,8
1665,5,2,0,3,8
1665,6,1,1,1,8
1665,7,2,1,1,8
1665,8,2,1,1,8
1673,1,2,1, , 
1673,2,2,0, , 
1673,3,1,0, , 
1673,4,2,1, , 
1673,5,2,0, , 
1673,6,1,1, , 
1673,7,1,0, , 
1673,8,1,1, , 
1681,1,2,1,1,8
1681,2,1,0,3,8
1681,3,2,0,3,8
1681,4,1,0,2,8
1681,5,2,0,2,8
1681,6,1,1,1,8
1681,7,2,0,3,8
1681,8,1,1,1,8
1689,1,1,1,2,8
1689,2,1,1,2,8
1689,3,2,0,2,8
1689,4,2,0,2,8
1689,5,2,0,2,8
1689,6,2,1,2,8
1689,7,1,1,1,8
1689,8,1,0,3,8
1697,1,2,0,2,8
1697,2,1,0,2,8
1697,3,1,1,1,8
1697,4,1,0,2,8
1697,5,2,1,1,8
1697,6,1,1,1,8
1697,7,2,1,1,8
1697,8,2,1,1,8
1705,1,2,0, , 
1705,2,1,1, , 
1705,3,1,0, , 
1705,4,2,1, , 
1705,5,1,0, , 
1705,6,2,1, , 
1705,7,1,0, , 
1705,8,2,0, , 
1713,1,1,0,3,8
1713,2,2,1,1,8
1713,3,1,1,1,8
1713,4,2,1,1,8
1713,5,1,0,2,8
1713,6,2,0,3,8
1713,7,2,1,1,8
1713,8,1,1,1,8
1721,1,1,1, , 
1721,2,1,1, , 
1721,3,2,1, , 
1721,4,1,0, , 
1721,5,2,0, , 
1721,6,1,0, , 
1721,7,2,1, , 
1721,8,2,1, , 
1729,1,2,1,1,8
1729,2,2,0,2,8
1729,3,1,0,2,8
1729,4,2,0,2,8
1729,5,1,1,2,8
1729,6,2,0,2,8
1729,7,1,1,2,8
1729,8,1,1,2,8
1737,1,1,1,1,8
1737,2,2,1,1,8
1737,3,1,0,3,8
1737,4,1,0,3,8
1737,5,2,1,1,8
1737,6,2,0,3,8
1737,7,1,1,1,8
1737,8,2,1,1,8
1745,1,1,1, , 
1745,2,1,1, , 
1745,3,2,1, , 
1745,4,1,0, , 
1745,5,2,1, , 
1745,6,2,0, , 
1745,7,2,1, , 
1745,8,1,0, , 
1753,1,2,1,1,8
1753,2,2,0,3,8
1753,3,1,0,2,8
1753,4,1,0,3,8
1753,5,1,0,3,8
1753,6,1,1,1,8
1753,7,2,0,3,8
1753,8,2,1,1,8
1761,1,1,0,3,8
1761,2,1,1,1,8
1761,3,1,0,3,8
1761,4,2,1,1,8
1761,5,1,0,3,8
1761,6,2,0,3,8
1761,7,2,1,1,8
1761,8,2,0,3,8
1769,1,1,1,1,8
1769,2,2,0,3,8
1769,3,1,0,3,8
1769,4,1,1,1,8
1769,5,1,1,1,8
1769,6,2,1,1,8
1769,7,2,1,1,8
1769,8,2,0,3,8
1777,1,1,0,2,8
1777,2,1,1,1,8
1777,3,2,1,1,8
1777,4,1,0,3,8
1777,5,2,1,1,8
1777,6,2,0,3,8
1777,7,2,1,1,8
1777,8,1,0,3,8
1785,1,1,1,1,8
1785,2,1,1,1,8
1785,3,1,1,1,8
1785,4,1,0,3,8
1785,5,2,0,3,8
1785,6,2,1,1,8
1785,7,2,0,3,8
1785,8,2,1,1,8
1793,1,1,1,1,8
1793,2,1,0,2,8
1793,3,2,1,1,8
1793,4,2,0,2,8
1793,5,2,0,3,8
1793,6,1,1,1,8
1793,7,2,0,2,8
1793,8,1,1,1,8
1801,1,2,0,3,8
1801,2,1,1,1,8
1801,3,2,1,1,8
1801,4,2,1,1,8
1801,5,1,0,3,8
1801,6,2,0,3,8
1801,7,1,0,3,8
1801,8,1,0,3,8
1809,1,1,0, , 
1809,2,1,0, , 
1809,3,1,1, , 
1809,4,1,0, , 
1809,5,2,0, , 
1809,6,2,1, , 
1809,7,2,1, , 
1809,8,2,1, , 
1817,1,2,0, , 
1817,2,1,0, , 
1817,3,1,1, , 
1817,4,2,0, , 
1817,5,2,1, , 
1817,6,1,1, , 
1817,7,2,1, , 
1817,8,1,1, , 
1825,1,1,1,1,8
1825,2,1,1,1,8
1825,3,2,0,2,8
1825,4,2,1,1,8
1825,5,1,1,1,8
1825,6,2,0,2,8
1825,7,1,0,2,8
1825,8,2,1,1,8
1833,1,2,0, , 
1833,2,1,0, , 
1833,3,2,0, , 
1833,4,1,1, , 
1833,5,2,1, , 
1833,6,1,0, , 
1833,7,2,1, , 
1833,8,1,0, , 
1841,1,2,1,1,8
1841,2,2,0,2,8
1841,3,2,0,2,8
1841,4,2,0,2,8
1841,5,1,0,2,8
1841,6,1,0,2,8
1841,7,1,1,1,8
1841,8,1,1,1,8
1849,1,2,1,1,8
1849,2,2,0,3,8
1849,3,1,1,1,8
1849,4,1,1,1,8
1849,5,1,0,3,8
1849,6,1,0,3,8
1849,7,2,1,1,8
1849,8,2,1,1,8
1857,1,2,1,1,8
1857,2,2,1,1,8
1857,3,1,0,3,8
1857,4,2,0,3,8
1857,5,1,1,1,8
1857,6,1,1,1,8
1857,7,2,0,3,8
1857,8,1,1,1,8
1865,1,2,0,3,8
1865,2,2,0,3,8
1865,3,1,1,1,8
1865,4,1,1,1,8
1865,5,2,0,3,8
1865,6,1,1,1,8
1865,7,2,1,1,8
1865,8,1,0,3,8
1873,1,1,1,1,8
1873,2,1,0,3,8
1873,3,2,1,1,8
1873,4,2,1,1,8
1873,5,2,0,3,8
1873,6,2,1,1,8
1873,7,1,0,3,8
1873,8,1,1,1,8
1881,1,2,0,2,8
1881,2,2,1,1,8
1881,3,2,1,1,8
1881,4,1,0,2,8
1881,5,2,1,1,8
1881,6,1,1,1,8
1881,7,1,0,2,8
1881,8,1,1,1,8
1889,1,2,0,3,8
1889,2,1,0,3,8
1889,3,2,1,1,8
1889,4,1,1,1,8
1889,5,2,1,1,8
1889,6,1,0,3,8
1889,7,2,1,1,8
1889,8,1,1,1,8
1897,1,2,1,1,8
1897,2,1,1,2,8
1897,3,2,0,2,8
1897,4,1,1,2,8
1897,5,2,0,2,8
1897,6,1,0,2,8
1897,7,2,0,2,8
1897,8,1,1,2,8
1905,1,1,0,2,8
1905,2,2,0,3,8
1905,3,2,0,3,8
1905,4,1,1,1,8
1905,5,2,1,1,8
1905,6,2,1,1,8
1905,7,1,0,3,8
1905,8,1,1,1,8
1913,1,1,1,1,8
1913,2,2,0,3,8
1913,3,1,0,3,8
1913,4,1,0,3,8
1913,5,1,0,3,8
1913,6,2,0,3,8
1913,7,2,1,1,8
1913,8,2,1,1,8
1921,1,2,0,3,8
1921,2,2,0,3,8
1921,3,1,1,1,8
1921,4,2,1,1,8
1921,5,1,0,3,8
1921,6,2,1,1,8
1921,7,1,1,1,8
1921,8,1,0,2,8
1929,1,1,0,3,8
1929,2,2,1,1,8
1929,3,1,1,1,8
1929,4,2,0,2,8
1929,5,1,0,3,8
1929,6,1,1,1,8
1929,7,2,0,2,8
1929,8,2,1,1,8
1937,1,1,1,1,8
1937,2,2,1,1,8
1937,3,2,0,3,8
1937,4,2,1,1,8
1937,5,2,0,3,8
1937,6,1,1,1,8
1937,7,1,0,3,8
1937,8,1,1,1,8
1945,1,1,1,1,8
1945,2,1,0,2,8
1945,3,2,0,3,8
1945,4,2,1,1,8
1945,5,1,1,2,8
1945,6,2,1,1,8
1945,7,1,0,3,8
1945,8,2,1,1,8
1953,1,1,1,1,8
1953,2,1,0,3,8
1953,3,2,1,1,8
1953,4,1,0,2,8
1953,5,1,1,1,8
1953,6,2,1,1,8
1953,7,2,1,1,8
1953,8,2,0,2,8
1961,1,2,1,1,8
1961,2,1,1,1,8
1961,3,2,1,1,8
1961,4,2,0,3,8
1961,5,1,1,1,8
1961,6,2,0,3,8
1961,7,1,0,2,8
1961,8,1,0,2,8
1969,1,2,0, , 
1969,2,2,0, , 
1969,3,1,0, , 
1969,4,1,1, , 
1969,5,1,1, , 
1969,6,2,1, , 
1969,7,1,1, , 
1969,8,2,0, , 
1977,1,1,0,2,8
1977,2,2,1,1,8
1977,3,2,1,1,8
1977,4,2,0,2,8
1977,5,1,1,2,8
1977,6,1,0,2,8
1977,7,2,0,3,8
1977,8,1,0,2,8
1985,1,2,1,1,8
1985,2,1,0,3,8
1985,3,2,1,1,8
1985,4,1,0,3,8
1985,5,1,1,1,8
1985,6,2,0,3,8
1985,7,2,1,1,8
1985,8,1,1,1,8
1993,1,1,0,2,8
1993,2,1,1,1,8
1993,3,2,1,1,8
1993,4,2,1,1,8
1993,5,2,1,1,8
1993,6,1,1,1,8
1993,7,2,0,2,8
1993,8,1,0,3,8
2001,1,1,1,1,8
2001,2,2,0,3,8
2001,3,2,1,1,8
2001,4,1,0,2,8
2001,5,2,1,1,8
2001,6,2,1,1,8
2001,7,1,0,3,8
2001,8,1,0,2,8
2009,1,2,1,1,8
2009,2,2,0,3,8
2009,3,1,1,1,8
2009,4,1,1,1,8
2009,5,2,0,3,8
2009,6,2,1,1,8
2009,7,1,0,3,8
2009,8,1,0,3,8
2017,1,2,0,3,8
2017,2,1,1,1,8
2017,3,2,0,3,8
2017,4,1,1,1,8
2017,5,2,0,3,8
2017,6,1,0,2,8
2017,7,1,1,1,8
2017,8,2,1,1,8
2025,1,1,0,2,8
2025,2,2,1,1,8
2025,3,2,0,3,8
2025,4,2,0,3,8
2025,5,1,0,2,8
2025,6,1,1,1,8
2025,7,1,0,2,8
2025,8,2,1,1,8
2033,1,2,0,2,8
2033,2,2,1,1,8
2033,3,1,0,3,8
2033,4,1,0,3,8
2033,5,2,0,3,8
2033,6,2,0,3,8
2033,7,1,1,1,8
2033,8,1,1,1,8
2041,1,2,1, , 
2041,2,1,1, , 
2041,3,1,0, , 
2041,4,1,1, , 
2041,5,2,0, , 
2041,6,1,1, , 
2041,7,2,1, , 
2041,8,2,0, , 
2049,1,1,1,1,8
2049,2,2,0,3,8
2049,3,2,0,3,8
2049,4,2,1,1,8
2049,5,1,1,1,8
2049,6,1,0,2,8
2049,7,1,0,3,8
2049,8,2,0,2,8
2057,1,2,0,3,8
2057,2,2,0,3,8
2057,3,2,0,3,8
2057,4,1,1,1,8
2057,5,1,0,2,8
2057,6,1,0,2,8
2057,7,2,1,1,8
2057,8,1,1,2,8
2065,1,1,0,3,8
2065,2,2,1,1,8
2065,3,2,0,2,8
2065,4,1,1,1,8
2065,5,2,1,1,8
2065,6,1,0,3,8
2065,7,1,0,3,8
2065,8,2,1,1,8
2073,1,2,0,3,8
2073,2,1,1,1,8
2073,3,1,1,1,8
2073,4,1,0,3,8
2073,5,2,0,3,8
2073,6,2,1,1,8
2073,7,1,0,3,8
2073,8,2,0,3,8
2081,1,2,0,3,8
2081,2,1,1,1,8
2081,3,2,0,3,8
2081,4,1,1,1,8
2081,5,2,0,3,8
2081,6,1,0,3,8
2081,7,2,1,1,8
2081,8,1,1,1,8
2089,1,2,1,1,8
2089,2,2,0,3,8
2089,3,2,1,1,8
2089,4,2,1,1,8
2089,5,1,0,3,8
2089,6,1,0,3,8
2089,7,1,1,1,8
2089,8,1,1,2,8
2097,1,2,0,3,8
2097,2,2,1,1,8
2097,3,1,0,3,8
2097,4,1,0,3,8
2097,5,2,0,3,8
2097,6,1,1,2,8
2097,7,1,1,1,8
2097,8,2,1,1,8
2105,1,2,0,3,8
2105,2,2,0,3,8
2105,3,2,1,1,8
2105,4,1,0,2,8
2105,5,1,0,3,8
2105,6,1,1,1,8
2105,7,1,1,1,8
2105,8,2,0,3,8
2113,1,1,1,1,8
2113,2,1,0,3,8
2113,3,2,0,3,8
2113,4,1,0,3,8
2113,5,2,1,1,8
2113,6,2,1,1,8
2113,7,2,1,1,8
2113,8,1,0,3,8
2121,1,2,0,3,8
2121,2,1,1,1,8
2121,3,1,0,2,8
2121,4,2,1,1,8
2121,5,2,1,1,8
2121,6,1,0,2,8
2121,7,2,0,3,8
2121,8,1,1,1,8
2129,1,1,0,3,8
2129,2,2,1,1,8
2129,3,1,0,3,8
2129,4,1,0,3,8
2129,5,2,0,3,8
2129,6,2,1,1,8
2129,7,1,1,1,8
2129,8,2,1,1,8
2137,1,1,0,2,8
2137,2,2,0,3,8
2137,3,1,0,3,8
2137,4,1,1,1,8
2137,5,2,0,3,8
2137,6,1,1,1,8
2137,7,2,0,2,8
2137,8,2,1,1,8
2145,1,2,0,3,8
2145,2,1,0,3,8
2145,3,1,0,3,8
2145,4,1,1,1,8
2145,5,2,0,3,8
2145,6,1,0,3,8
2145,7,2,1,1,8
2145,8,2,1,1,8
2153,1,2,0,3,8
2153,2,1,1,1,8
2153,3,2,1,1,8
2153,4,1,0,3,8
2153,5,2,1,1,8
2153,6,1,1,1,8
2153,7,1,1,1,8
2153,8,2,0,3,8
2161,1,1,1,1,8
2161,2,2,1,1,8
2161,3,2,0,2,8
2161,4,1,1,1,8
2161,5,1,1,1,8
2161,6,2,0,2,8
2161,7,2,1,1,8
2161,8,1,0,2,8
